﻿<?xml version="1.0" encoding="utf-8" ?>
<ArrayOfPreviewProfile xmlns:xsd="http://www.w3.org/2001/XMLSchema" xmlns:xsi="http://www.w3.org/2001/XMLSchema-instance">
	<PreviewProfile Name="Samsung Galaxy S3" Width="720" Height="1280" UserAgent="Mozilla/5.0 (Linux; U; Android 4.0.4; en-gb; SAMSUNG GT-I9300/I9300BUALE6 Build/IMM76D) AppleWebKit/534.30 (KHTML, like Gecko) Version/4.0 Mobile Safari/534.30" />
	<PreviewProfile Name="HTC One X" Width="720" Height="1280" UserAgent="Mozilla/5.0 (Linux; Android 4.0.3; HTC One X Build/IML74K) AppleWebKit/535.19 (KHTML, like Gecko) Chrome/18.0.1025.166 Mobile Safari/535.19" />
	<PreviewProfile Name="iPhone 5" Width="640" Height="1136" UserAgent="Mozilla/5.0 (iPhone; CPU iPhone OS 6_0 like Mac OS X) AppleWebKit/536.26 (KHTML, like Gecko) Version/6.0 Mobile/10A405 Safari/8536.25" />
	<PreviewProfile Name="Google Nexus 4" Width="768" Height="1280" UserAgent="Mozilla/5.0 (Linux; Android 4.2.1; Nexus 4 Build/JOP40D) AppleWebKit/535.19 (KHTML, like Gecko) Chrome/18.0.1025.166 Mobile Safari/535.19" />
	<PreviewProfile Name="Samsung Galaxy Note 2" Width="720" Height="1280" UserAgent="Mozilla/5.0 (Linux; U; Android 4.1.1; en-gb; SAMSUNG GT-N7100/N7100XXALIJ Build/JRO03C) AppleWebKit/534.30 (KHTML, like Gecko) Version/4.0 Mobile Safari/534.30" />
	<PreviewProfile Name="HTC One S" Width="540" Height="960" UserAgent="Mozilla/5.0 (Linux; Android 4.0.4; HTC One S Build/IMM76D) AppleWebKit/535.19 (KHTML, like Gecko) Chrome/18.0.1025.166 Mobile Safari/535.19" />
	<PreviewProfile Name="LG Optimus 4X HD" Width="720" Height="1280" UserAgent="Mozilla/5.0 (Linux; Android 4.0.3; LG-P880 Build/IML74K) AppleWebKit/535.19 (KHTML, like Gecko) Chrome/18.0.1025.166 Mobile Safari/535.19" />
	<PreviewProfile Name="Nokia Lumia 920" Width="768" Height="1280" UserAgent="Mozilla/5.0 (compatible; MSIE 10.0; Windows Phone 8.0; Trident/6.0; IEMobile/10.0; ARM; Touch; NOKIA; Lumia 920)" />
	<PreviewProfile Name="Sony Xperia T" Width="720" Height="1280" UserAgent="Mozilla/5.0 (Linux; U; Android 4.0.4; en-gb; SonyLT30p-o Build/7.0.A.1.303) AppleWebKit/534.30 (KHTML, like Gecko) Version/4.0 Mobile Safari/534.30" />
	<PreviewProfile Name="Samsung Galaxy S2" Width="480" Height="800" UserAgent="Mozilla/5.0 (Linux; U; Android 2.3; en-us; GT-I9100 Build/GRH78) AppleWebKit/533.1 (KHTML, like Gecko) Version/4.0 Mobile Safari/533.1" />
</ArrayOfPreviewProfile>